k,method,n,hits,accuracy,wilson_low,wilson_high,mean_steps,semantic_gflops,seconds,reasons,verify_glimpses,explore_glimpses,prediction_half_k_plus_1,semantic_prediction_gflops
4,saccadenet_lite,50,48,0.96,0.8653990931249297,0.9889611156723802,21.44,0.14741442568000002,0.1453934439999921,"{""search_exhausted"": 1, ""threshold"": 49}",2.38,19.06,2.5,0.201748736
4,two_stage,50,50,1.0,0.9286524008666414,1.0,2.7,0.38856403,0.04583045399999037,"{""exhausted"": 4, ""threshold"": 46}",,,2.5,
8,saccadenet_lite,50,47,0.94,0.8378290831116182,0.979385029651026,25.6,0.29354444604,0.18697685000001002,"{""search_exhausted"": 2, ""threshold"": 48}",4.78,20.82,4.5,0.317033728
8,two_stage,50,50,1.0,0.9286524008666414,1.0,4.3,0.711362014,0.061161884000007376,"{""exhausted"": 6, ""threshold"": 44}",,,4.5,
16,saccadenet_lite,50,50,1.0,0.9286524008666414,1.0,32.32,0.58107205466,0.26724499600000856,"{""max_steps"": 2, ""threshold"": 48}",9.54,22.78,8.5,0.547603712
16,two_stage,50,50,1.0,0.9286524008666414,1.0,9.66,1.481465782,0.0975013300000137,"{""exhausted"": 8, ""threshold"": 42}",,,8.5,
32,saccadenet_lite,50,30,0.6,0.4618143774758936,0.7239161026974346,36.12,0.7666291874400001,0.4032688739999958,"{""max_steps"": 23, ""threshold"": 27}",12.3,23.82,16.5,1.00874368
32,two_stage,50,50,1.0,0.9286524008666414,1.0,18.16,2.893706968,0.14230892400000358,"{""exhausted"": 3, ""threshold"": 47}",,,16.5,
64,saccadenet_lite,50,13,0.26,0.15871527493552393,0.39553157264848837,39.02,0.98261140856,0.826034688000002,"{""max_steps"": 40, ""threshold"": 10}",14.62,24.4,32.5,1.931023616
64,two_stage,50,49,0.98,0.8950455641036219,0.9964607407283539,34.12,5.65824114,0.1993455439999957,"{""exhausted"": 4, ""threshold"": 46}",,,32.5,
