ecc_low,ecc_high,exposures,discoveries,p_discover
0.0,250.0,162,162,1.0
250.0,500.0,601,601,1.0
500.0,1000.0,1387,1387,1.0
1000.0,1500.0,953,953,1.0
1500.0,2000.0,1174,1018,0.8671209540034072
2000.0,2500.0,1065,238,0.22347417840375586
2500.0,3000.0,1084,171,0.1577490774907749
3000.0,3500.0,1267,140,0.11049723756906077
3500.0,4000.0,1309,61,0.04660045836516425
4000.0,5000.0,2154,41,0.01903435468895079
5000.0,6000.0,2037,23,0.011291114383897889
6000.0,8000.0,3153,4,0.0012686330478908975
8000.0,12000.0,3086,0,0.0
12000.0,18000.0,877,0,0.0
