width,height,seed,category,reason,steps,target_recalled,target_scored,target_offset,winner_offset,winner_card_index,winner_probability,target_best_raw_score,winner_best_raw_score,target_best_valid_fraction,winner_best_valid_fraction,target_best_eccentricity,winner_best_eccentricity
3840,2160,20112,hit,threshold,9,True,True,10.925620767318948,10.925620767318948,1,0.9999733372208802,15.287222862243652,15.287222862243652,1.0,1.0,36.386004974779496,36.386004974779496
3840,2160,20113,hit,threshold,10,True,True,3.135491542346879,3.135491542346879,4,0.9992563481635907,8.065922737121582,8.065922737121582,0.9909939236111112,0.9909939236111112,14.290793430020015,14.290793430020015
3840,2160,20114,hit,threshold,4,True,True,15.351409110188442,15.351409110188442,1,0.9745561026865688,4.651924133300781,4.651924133300781,1.0,1.0,1.1306433301306424,1.1306433301306424
3840,2160,20115,hit,threshold,10,True,True,17.541038545212743,17.541038545212743,9,0.9999923715475506,15.179710388183594,15.179710388183594,1.0,1.0,1.474011464884578,1.474011464884578
3840,2160,20116,hit,threshold,13,True,True,19.308075091317583,19.308075091317583,8,0.9999997905823014,15.110786437988281,15.110786437988281,1.0,1.0,1.5705694114141202,1.5705694114141202
3840,2160,20117,target_not_recalled,search_exhausted,38,False,False,,52.528544555649844,1,0.842577894620997,,-3.398160457611084,,1.0,,1.107683080269581
3840,2160,20118,hit,threshold,9,True,True,9.92445624318588,9.92445624318588,11,0.9999401150881906,12.254860877990723,12.254860877990723,1.0,1.0,13.22817802562228,13.22817802562228
3840,2160,20119,hit,threshold,7,True,True,4.868437976759597,4.868437976759597,3,0.9998475328867251,12.329946517944336,12.329946517944336,1.0,1.0,19.562563164141352,19.562563164141352
3840,2160,20120,hit,threshold,3,True,True,0.601303600521313,0.601303600521313,4,0.9999997022175867,21.377195358276367,21.377195358276367,0.9907769097222222,0.9907769097222222,18.926762991888012,18.926762991888012
3840,2160,20121,hit,threshold,13,True,True,33.34690584049232,33.34690584049232,2,0.9826831311046408,-0.902031421661377,-0.902031421661377,1.0,1.0,1.3365090750588449,1.3365090750588449
3840,2160,20122,hit,threshold,9,True,True,22.388626019761062,22.388626019761062,1,0.9907181151454482,4.733912467956543,4.733912467956543,1.0,1.0,0.8629986167587368,0.8629986167587368
3840,2160,20123,hit,threshold,4,True,True,14.56888882259237,14.56888882259237,11,0.9990661584622204,9.386531829833984,9.386531829833984,1.0,1.0,1.3650116928341594,1.3650116928341594
3840,2160,20124,hit,threshold,12,True,True,10.502883190792808,10.502883190792808,4,0.999079615131615,7.400778293609619,7.400778293609619,1.0,1.0,0.9772535359420724,0.9772535359420724
3840,2160,20125,wrong_other_stop,search_exhausted,39,True,True,40.80954725831524,43.60828443920348,5,0.7916971472742046,-4.790627479553223,-1.4559519290924072,1.0,1.0,0.5802846721853993,1.6024978925622404
3840,2160,20126,hit,threshold,2,True,True,6.809578169735132,6.809578169735132,0,0.998941205476793,10.954648971557617,10.954648971557617,0.9928385416666666,0.9928385416666666,29.32536997657551,29.32536997657551
3840,2160,20127,hit,threshold,13,True,True,40.17218850189398,40.17218850189398,1,0.9735701135461986,-2.2624223232269287,-2.2624223232269287,0.9896918402777778,0.9896918402777778,1.1846653905396578,1.1846653905396578
3840,2160,20128,hit,threshold,7,True,True,11.583232623987145,11.583232623987145,10,0.9999586824005089,15.270868301391602,15.270868301391602,1.0,1.0,20.19544262396283,20.19544262396283
3840,2160,20129,hit,threshold,13,True,True,18.13310708670848,18.13310708670848,10,0.9990733340803457,9.879237174987793,9.879237174987793,1.0,1.0,0.9853243073209388,0.9853243073209388
3840,2160,20130,hit,threshold,10,True,True,5.084276623996301,5.084276623996301,8,0.9999066009070137,13.006548881530762,13.006548881530762,1.0,1.0,60.57907105770508,60.57907105770508
3840,2160,20131,hit,search_exhausted,38,True,True,29.094630964476924,29.094630964476924,5,0.8079491466157497,-3.812946319580078,-3.812946319580078,1.0,1.0,1.1518251445689436,1.1518251445689436
3840,2160,20132,hit,threshold,13,True,True,19.83447143067728,19.83447143067728,6,0.9994912929977147,8.60903549194336,8.60903549194336,1.0,1.0,0.976194043235728,0.976194043235728
3840,2160,20133,hit,threshold,5,True,True,18.75616867075351,18.75616867075351,2,0.9992329232164947,9.480361938476562,9.480361938476562,0.9896918402777778,0.9896918402777778,0.8729721335266566,0.8729721335266566
3840,2160,20134,hit,threshold,4,True,True,19.713210229883458,19.713210229883458,10,0.9960717756748791,7.2195515632629395,7.2195515632629395,1.0,1.0,0.6785402410558459,0.6785402410558459
3840,2160,20135,hit,threshold,10,True,True,18.842694829304822,18.842694829304822,9,0.9995230747833697,8.728498458862305,8.728498458862305,1.0,1.0,0.38510502559565757,0.38510502559565757
3840,2160,20136,hit,threshold,6,True,True,4.504354958295707,4.504354958295707,0,0.9998632967162515,11.85641098022461,11.85641098022461,1.0,1.0,0.8298036206089161,0.8298036206089161
3840,2160,20137,hit,threshold,9,True,True,26.14504305349433,26.14504305349433,3,0.9995940669435358,8.974958419799805,8.974958419799805,0.9895833333333334,0.9895833333333334,0.6815750425662016,0.6815750425662016
3840,2160,20138,hit,threshold,8,True,True,8.858369257840076,8.858369257840076,10,0.9967101255101736,8.959102630615234,8.959102630615234,1.0,1.0,49.39867334453223,49.39867334453223
3840,2160,20139,hit,threshold,7,True,True,10.821161968927333,10.821161968927333,4,0.9999809166447948,14.563161849975586,14.563161849975586,1.0,1.0,13.900879112341999,13.900879112341999
3840,2160,20140,hit,threshold,5,True,True,2.0788269460357665,2.0788269460357665,1,0.9994041868837513,9.892837524414062,9.892837524414062,1.0,1.0,17.676032659896638,17.676032659896638
3840,2160,20141,hit,threshold,9,True,True,5.375218312001954,5.375218312001954,10,0.9787954488954747,3.437897205352783,3.437897205352783,1.0,1.0,0.6983978515590877,0.6983978515590877
3840,2160,20142,hit,threshold,8,True,True,16.909171181091025,16.909171181091025,4,0.9998691753051079,11.099827766418457,11.099827766418457,1.0,1.0,1.3813117851783479,1.3813117851783479
3840,2160,20143,hit,threshold,8,True,True,17.692443674164398,17.692443674164398,9,0.9997791090576801,10.638057708740234,10.638057708740234,1.0,1.0,0.47781693116276386,0.47781693116276386
3840,2160,20144,hit,threshold,10,True,True,4.748551593985149,4.748551593985149,8,0.9994296100886776,8.503490447998047,8.503490447998047,1.0,1.0,0.6054913784102848,0.6054913784102848
3840,2160,20145,hit,threshold,3,True,True,17.99250696339334,17.99250696339334,11,0.9927821282781132,6.458940505981445,6.458940505981445,1.0,1.0,1.6644845433126993,1.6644845433126993
3840,2160,20146,hit,threshold,8,True,True,9.926831739399029,9.926831739399029,2,0.9906350805794294,9.56824779510498,9.56824779510498,1.0,1.0,22.636613041707452,22.636613041707452
3840,2160,20147,hit,threshold,3,True,True,12.36675709465114,12.36675709465114,11,0.9992199358595429,9.813929557800293,9.813929557800293,1.0,1.0,0.9879731898715307,0.9879731898715307
3840,2160,20148,hit,threshold,13,True,True,13.923042309625862,13.923042309625862,11,0.9965819810600094,3.0292110443115234,3.0292110443115234,1.0,1.0,16.765716019682742,16.765716019682742
3840,2160,20149,hit,threshold,10,True,True,12.842476688494092,12.842476688494092,5,0.9640429357887352,1.8422114849090576,1.8422114849090576,1.0,1.0,0.7668471789047784,0.7668471789047784
3840,2160,20150,hit,threshold,5,True,True,5.213891205961868,5.213891205961868,2,0.9999708389261394,14.416776657104492,14.416776657104492,1.0,1.0,7.403698960707495,7.403698960707495
3840,2160,20151,hit,threshold,2,True,True,15.246353477090024,15.246353477090024,2,0.9750916242060925,4.7261643409729,4.7261643409729,1.0,1.0,0.4971895738858761,0.4971895738858761
3840,2160,20152,hit,threshold,5,True,True,2.6205730596762566,2.6205730596762566,3,0.9994120820825665,9.878683090209961,9.878683090209961,1.0,1.0,0.7910446961774218,0.7910446961774218
3840,2160,20153,hit,threshold,2,True,True,11.993439002968532,11.993439002968532,6,0.9999854477551305,15.871734619140625,15.871734619140625,1.0,1.0,0.9362936776576549,0.9362936776576549
3840,2160,20154,hit,threshold,5,True,True,14.73045649544286,14.73045649544286,6,0.9708683110296733,4.075502395629883,4.075502395629883,1.0,1.0,1.0500916263961524,1.0500916263961524
3840,2160,20155,hit,threshold,10,True,True,12.460445317332397,12.460445317332397,3,0.9999937362883345,15.200803756713867,15.200803756713867,1.0,1.0,0.32167724852304075,0.32167724852304075
3840,2160,20156,hit,threshold,7,True,True,23.4215114071067,23.4215114071067,10,0.9999335087172992,12.701583862304688,12.701583862304688,1.0,1.0,1.6508321994153268,1.6508321994153268
3840,2160,20157,hit,threshold,11,True,True,16.798901946191037,16.798901946191037,5,0.9999975935491449,16.040983200073242,16.040983200073242,1.0,1.0,0.4732086883402892,0.4732086883402892
3840,2160,20158,hit,threshold,10,True,True,8.22939013249483,8.22939013249483,7,0.9996874664045138,10.857784271240234,10.857784271240234,1.0,1.0,34.22686083148894,34.22686083148894
3840,2160,20159,hit,search_exhausted,37,True,True,8.229236778205976,8.229236778205976,7,0.839223678071136,-2.7047317028045654,-2.7047317028045654,0.9896918402777778,0.9896918402777778,10.755696165288416,10.755696165288416
3840,2160,20160,hit,threshold,4,True,True,5.066658506005288,5.066658506005288,4,0.9999958212264837,17.268325805664062,17.268325805664062,1.0,1.0,11.093265838692206,11.093265838692206
3840,2160,20161,hit,threshold,2,True,True,15.4279308464438,15.4279308464438,0,0.9957240546483132,7.386533737182617,7.386533737182617,1.0,1.0,0.5739750373818681,0.5739750373818681
7680,4320,20112,hit,threshold,24,True,True,14.961971315025536,14.961971315025536,1,0.9999890494410386,14.446232795715332,14.446232795715332,1.0,1.0,1.2932566690966403,1.2932566690966403
7680,4320,20113,hit,threshold,28,True,True,3.1651483662100888,3.1651483662100888,4,0.9839539384153105,4.68446159362793,4.68446159362793,1.0,1.0,44.35689557998235,44.35689557998235
7680,4320,20114,hit,threshold,27,True,True,7.233247370789132,7.233247370789132,1,0.9979925427375447,7.618021011352539,7.618021011352539,1.0,1.0,0.848229626119813,0.848229626119813
7680,4320,20115,hit,threshold,9,True,True,8.876421746225262,8.876421746225262,9,0.9998303586768044,12.065215110778809,12.065215110778809,1.0,1.0,0.6718035922596469,0.6718035922596469
7680,4320,20116,hit,threshold,17,True,True,21.353354703170623,21.353354703170623,8,0.9992978490786437,8.920823097229004,8.920823097229004,0.9896918402777778,0.9896918402777778,0.5974830613146115,0.5974830613146115
7680,4320,20117,hit,threshold,20,True,True,6.43505410229969,6.43505410229969,1,0.9996041666966885,10.149481773376465,10.149481773376465,1.0,1.0,0.834531785674578,0.834531785674578
7680,4320,20118,hit,threshold,21,True,True,10.291279872470858,10.291279872470858,11,0.9923447297019665,7.013490676879883,7.013490676879883,0.9945746527777778,0.9945746527777778,47.15350596721294,47.15350596721294
7680,4320,20119,hit,threshold,15,True,True,4.753683149951583,4.753683149951583,3,0.9996241976860607,12.52421760559082,12.52421760559082,0.9919704861111112,0.9919704861111112,22.38941251014218,22.38941251014218
7680,4320,20120,hit,threshold,15,True,True,0.6791197706051518,0.6791197706051518,4,0.9999998624765105,20.90581703186035,20.90581703186035,1.0,1.0,8.540619449450778,8.540619449450778
7680,4320,20121,hit,threshold,20,True,True,12.506289499324996,12.506289499324996,2,0.9981716880750142,8.148353576660156,8.148353576660156,1.0,1.0,0.8446495884543485,0.8446495884543485
7680,4320,20122,hit,threshold,17,True,True,10.434223456912962,10.434223456912962,1,0.9975154622112918,6.724214553833008,6.724214553833008,1.0,1.0,0.4475135030068845,0.4475135030068845
7680,4320,20123,hit,threshold,17,True,True,8.497533470921914,8.497533470921914,11,0.99978374065388,9.422137260437012,9.422137260437012,1.0,1.0,0.3285210194340695,0.3285210194340695
7680,4320,20124,hit,threshold,29,True,True,14.615079097138045,14.615079097138045,4,0.9999986227867579,16.97388458251953,16.97388458251953,1.0,1.0,0.3078758077587577,0.3078758077587577
7680,4320,20125,hit,threshold,24,True,True,16.124798922165315,16.124798922165315,6,0.9981017205125773,7.50746488571167,7.50746488571167,1.0,1.0,0.37719968238421764,0.37719968238421764
7680,4320,20126,hit,threshold,20,True,True,6.656022337529923,6.656022337529923,0,0.9946869294889952,6.698456764221191,6.698456764221191,0.990234375,0.990234375,13.894434448439393,13.894434448439393
7680,4320,20127,hit,threshold,22,True,True,17.03651750975613,17.03651750975613,1,0.9998941370216653,12.009881019592285,12.009881019592285,1.0,1.0,0.601633106600455,0.601633106600455
7680,4320,20128,hit,threshold,21,True,True,11.649357516367129,11.649357516367129,10,0.999992664138117,14.861997604370117,14.861997604370117,1.0,1.0,3.837187454560612,3.837187454560612
7680,4320,20129,hit,threshold,19,True,True,8.027943527903288,8.027943527903288,10,0.9994166681161722,9.284463882446289,9.284463882446289,1.0,1.0,0.8737372709474839,0.8737372709474839
7680,4320,20130,hit,threshold,17,True,True,4.236645332725909,4.236645332725909,8,0.9995429043938678,10.612566947937012,10.612566947937012,1.0,1.0,64.16251953603305,64.16251953603305
7680,4320,20131,hit,threshold,16,True,True,15.537636933023329,15.537636933023329,5,0.9652662320640093,2.362647533416748,2.362647533416748,1.0,1.0,0.6413366533141769,0.6413366533141769
7680,4320,20132,hit,threshold,24,True,True,19.012304512077836,19.012304512077836,6,0.9920147339365233,6.0400166511535645,6.0400166511535645,1.0,1.0,1.8181737839263825,1.8181737839263825
7680,4320,20133,hit,threshold,21,True,True,5.599440346875978,5.599440346875978,2,0.999202975718204,8.732751846313477,8.732751846313477,1.0,1.0,0.6945934360551637,0.6945934360551637
7680,4320,20134,hit,threshold,30,True,True,4.3044883384579675,4.3044883384579675,10,0.9999891152081594,14.79966926574707,14.79966926574707,1.0,1.0,0.7533757853330141,0.7533757853330141
7680,4320,20135,hit,threshold,30,True,True,11.555566931938284,11.555566931938284,9,0.9981911149307764,4.843777656555176,4.843777656555176,1.0,1.0,96.55348912709759,96.55348912709759
7680,4320,20136,hit,threshold,8,True,True,7.4411025876937344,7.4411025876937344,0,0.9998194079749638,12.113993644714355,12.113993644714355,1.0,1.0,16.548764053412082,16.548764053412082
7680,4320,20137,hit,threshold,25,True,True,8.94347680710337,8.94347680710337,3,0.9510795729048941,2.1766176223754883,2.1766176223754883,1.0,1.0,1.0142651997212722,1.0142651997212722
7680,4320,20138,hit,threshold,26,True,True,10.261644221820214,10.261644221820214,10,0.9997937939522388,9.1299409866333,9.1299409866333,0.9904513888888888,0.9904513888888888,9.545931070356609,9.545931070356609
7680,4320,20139,hit,threshold,20,True,True,10.751679886676433,10.751679886676433,4,0.9999992563157654,14.160820007324219,14.160820007324219,1.0,1.0,34.297384991919635,34.297384991919635
7680,4320,20140,hit,threshold,25,True,True,2.0719756127435898,2.0719756127435898,1,0.9999568058668731,11.974508285522461,11.974508285522461,0.9907769097222222,0.9907769097222222,16.654472614275985,16.654472614275985
7680,4320,20141,target_not_recalled,threshold,26,False,False,,50.16310455482922,10,0.9775514161524238,,1.3254282474517822,,1.0,,1.5120316073866777
7680,4320,20142,hit,threshold,25,True,True,17.85457977296861,17.85457977296861,4,0.999897199748764,10.410767555236816,10.410767555236816,1.0,1.0,1.4746809926623425,1.4746809926623425
7680,4320,20143,hit,threshold,29,True,True,11.529436473372265,11.529436473372265,9,0.9999294114729744,11.769587516784668,11.769587516784668,1.0,1.0,0.4483032873106264,0.4483032873106264
7680,4320,20144,hit,threshold,27,True,True,30.716853936101746,30.716853936101746,8,0.9507283966175335,-1.757929801940918,-1.757929801940918,1.0,1.0,1.8479372953509796,1.8479372953509796
7680,4320,20145,hit,threshold,27,True,True,34.52724496078623,34.52724496078623,11,0.9675344689554642,0.32309818267822266,0.32309818267822266,1.0,1.0,2.4835521847329054,2.4835521847329054
7680,4320,20146,hit,threshold,19,True,True,10.680333643288861,10.680333643288861,2,0.9903981283648888,5.824592590332031,5.824592590332031,1.0,1.0,54.26702506919826,54.26702506919826
7680,4320,20147,hit,threshold,23,True,True,5.145682920723867,5.145682920723867,11,0.9997797354334981,10.80286693572998,10.80286693572998,1.0,1.0,0.401128602712488,0.401128602712488
7680,4320,20148,hit,threshold,23,True,True,13.707330315441588,13.707330315441588,11,0.9815414976327638,1.033419132232666,1.033419132232666,0.9914279513888888,0.9914279513888888,38.333854248010226,38.333854248010226
7680,4320,20149,hit,threshold,19,True,True,14.006243314618734,14.006243314618734,5,0.9675967493222523,3.6436049938201904,3.6436049938201904,1.0,1.0,0.7354492937259554,0.7354492937259554
7680,4320,20150,hit,threshold,24,True,True,5.145861350175004,5.145861350175004,2,0.9999794336151623,14.192995071411133,14.192995071411133,0.9901258680555556,0.9901258680555556,22.995117000871925,22.995117000871925
7680,4320,20151,hit,threshold,19,True,True,15.438526311404985,15.438526311404985,2,0.9504218745243211,3.2154293060302734,3.2154293060302734,1.0,1.0,1.1001789995406188,1.1001789995406188
7680,4320,20152,hit,threshold,21,True,True,6.309603414157429,6.309603414157429,3,0.9986594047131109,8.060998916625977,8.060998916625977,1.0,1.0,1.1677329423290557,1.1677329423290557
7680,4320,20153,hit,threshold,17,True,True,5.002635673977079,5.002635673977079,6,0.9999719379844639,14.779679298400879,14.779679298400879,1.0,1.0,0.8344216300566103,0.8344216300566103
7680,4320,20154,hit,threshold,30,True,True,25.25437301733358,25.25437301733358,6,0.9746183899763787,-0.3986995220184326,-0.3986995220184326,1.0,1.0,0.7512383877978044,0.7512383877978044
7680,4320,20155,hit,threshold,17,True,True,10.523692794618746,10.523692794618746,3,0.999990605606512,15.885566711425781,15.885566711425781,1.0,1.0,1.366792966720019,1.366792966720019
7680,4320,20156,hit,threshold,8,True,True,18.699059410497547,18.699059410497547,10,0.9997502991024786,11.331228256225586,11.331228256225586,0.9898003472222222,0.9898003472222222,1.1796860230374782,1.1796860230374782
7680,4320,20157,hit,threshold,28,True,True,42.077967072361474,42.077967072361474,5,0.9519871471163129,-1.9006677865982056,-1.9006677865982056,0.9792751736111112,0.9792751736111112,1.0114492735254155,1.0114492735254155
7680,4320,20158,hit,threshold,21,True,True,8.45131265274833,8.45131265274833,7,0.9992970002381685,10.894119262695312,10.894119262695312,1.0,1.0,30.629724125430606,30.629724125430606
7680,4320,20159,hit,threshold,30,True,True,8.532455443012486,8.532455443012486,7,0.9552768058751278,-2.803534984588623,-2.803534984588623,1.0,1.0,31.144823004794873,31.144823004794873
7680,4320,20160,hit,threshold,18,True,True,4.966621040084123,4.966621040084123,4,0.9999990636607176,19.529678344726562,19.529678344726562,0.9898003472222222,0.9898003472222222,18.77930312268871,18.77930312268871
7680,4320,20161,hit,threshold,20,True,True,18.224469796643774,18.224469796643774,0,0.9992821736376203,9.834646224975586,9.834646224975586,1.0,1.0,0.9257921753048446,0.9257921753048446
