sectors,ecc_low,ecc_high,exposures,detected,p_detect
64,0.0,250.0,4,4,1.0
64,250.0,500.0,29,29,1.0
64,500.0,750.0,25,25,1.0
64,750.0,1000.0,43,41,0.9534883720930233
64,1000.0,1250.0,48,17,0.3541666666666667
64,1250.0,1500.0,64,18,0.28125
64,1500.0,1750.0,66,11,0.16666666666666666
64,1750.0,2000.0,72,3,0.041666666666666664
64,2000.0,2500.0,190,0,0.0
64,2500.0,3000.0,201,0,0.0
64,3000.0,3500.0,222,0,0.0
64,3500.0,4000.0,199,0,0.0
64,4000.0,5000.0,503,0,0.0
64,5000.0,6000.0,493,0,0.0
64,6000.0,7000.0,460,0,0.0
64,7000.0,8000.0,395,0,0.0
64,8000.0,10000.0,562,0,0.0
64,10000.0,13000.0,488,0,0.0
64,13000.0,18000.0,136,0,0.0
128,0.0,250.0,4,4,1.0
128,250.0,500.0,29,29,1.0
128,500.0,750.0,25,25,1.0
128,750.0,1000.0,43,43,1.0
128,1000.0,1250.0,48,48,1.0
128,1250.0,1500.0,64,64,1.0
128,1500.0,1750.0,66,66,1.0
128,1750.0,2000.0,72,53,0.7361111111111112
128,2000.0,2500.0,190,48,0.25263157894736843
128,2500.0,3000.0,201,41,0.20398009950248755
128,3000.0,3500.0,222,22,0.0990990990990991
128,3500.0,4000.0,199,6,0.03015075376884422
128,4000.0,5000.0,503,0,0.0
128,5000.0,6000.0,493,0,0.0
128,6000.0,7000.0,460,0,0.0
128,7000.0,8000.0,395,0,0.0
128,8000.0,10000.0,562,0,0.0
128,10000.0,13000.0,488,0,0.0
128,13000.0,18000.0,136,0,0.0
256,0.0,250.0,4,4,1.0
256,250.0,500.0,29,29,1.0
256,500.0,750.0,25,25,1.0
256,750.0,1000.0,43,43,1.0
256,1000.0,1250.0,48,48,1.0
256,1250.0,1500.0,64,64,1.0
256,1500.0,1750.0,66,66,1.0
256,1750.0,2000.0,72,72,1.0
256,2000.0,2500.0,190,190,1.0
256,2500.0,3000.0,201,201,1.0
256,3000.0,3500.0,222,222,1.0
256,3500.0,4000.0,199,116,0.5829145728643216
256,4000.0,5000.0,503,171,0.3399602385685885
256,5000.0,6000.0,493,101,0.20486815415821502
256,6000.0,7000.0,460,80,0.17391304347826086
256,7000.0,8000.0,395,21,0.053164556962025315
256,8000.0,10000.0,562,0,0.0
256,10000.0,13000.0,488,0,0.0
256,13000.0,18000.0,136,0,0.0
