ecc_low,ecc_high,mu0,mu1,sigma,dprime,n_target,n_nontarget
0.0,24.0,-18.485783683776855,9.839977681159974,6.5008378597960865,4.357247784953266,250,250
24.0,48.0,-16.69313006782532,8.634249357700348,6.406179008904652,3.953585966036909,250,250
48.0,72.0,-11.873923714637757,4.338520464420319,5.206186370594134,3.114072955710938,250,250
72.0,96.0,-8.182246209621429,2.7715590240955352,3.7712221284264342,2.9045770470930883,250,250
96.0,144.0,-4.039242932319641,-0.33372227811813354,1.9391891474892808,1.9108608662538886,250,250
144.0,216.0,-3.4114201955795287,-2.089159503221512,1.7236011159757951,0.7671500558349519,250,250
216.0,324.0,-8.066382811546326,-8.055159536361694,1.2989984569263537,0.008639944970518183,250,250
324.0,486.0,-8.290252986907959,-8.276345838069917,1.0056582173589532,0.013828901905226591,250,250
486.0,972.0,-8.205477251052857,-8.204371700286865,0.6417055767316993,0.0017228317877843117,250,250
972.0,2000.0,-8.193577337265015,-8.197502681732178,0.639189639645384,-0.006141126551019685,250,250
