seed,candidate_index,digit_id,is_target,eccentricity,score,valid_fraction
10000,3,50407,1,0,6.863796710968018,1.0
10000,3,50407,1,36,6.6881866455078125,1.0
10000,3,50407,1,60,4.305129528045654,0.9957682291666666
10000,3,50407,1,84,-1.6208446025848389,1.0
10000,3,50407,1,120,-3.400556802749634,0.9998914930555556
10000,3,50407,1,180,-3.8568320274353027,1.0
10000,3,50407,1,270,-9.843066215515137,1.0
10000,3,50407,1,405,-9.843968391418457,1.0
10000,3,50407,1,729,-9.490876197814941,1.0
10000,3,50407,1,1050,-9.491050720214844,1.0
10000,0,53500,0,0,-10.011640548706055,1.0
10000,0,53500,0,36,-10.920769691467285,1.0
10000,0,53500,0,60,-8.91382884979248,1.0
10000,0,53500,0,84,-6.072379112243652,0.9986979166666666
10000,0,53500,0,120,-3.184039831161499,1.0
10000,0,53500,0,180,-2.2006142139434814,1.0
10000,0,53500,0,270,-10.031731605529785,1.0
10000,0,53500,0,405,-9.753518104553223,1.0
10000,0,53500,0,729,-9.505508422851562,1.0
10000,0,53500,0,1050,-9.492547988891602,1.0
