width,height,seed,truth_k,candidate_count,matched_48px,matched_20px,target_found_48px,target_found_20px,nonmatched_candidates_48px,fixations
1920,1080,20000,12,12,12,5,1,0,0,26
1920,1080,20001,12,12,11,3,1,1,1,26
1920,1080,20002,12,12,12,3,1,0,0,26
1920,1080,20003,12,13,11,4,1,0,2,26
1920,1080,20004,12,12,10,2,1,0,2,26
1920,1080,20005,12,12,11,4,1,1,1,26
1920,1080,20006,12,12,12,4,1,0,0,26
1920,1080,20007,12,13,10,5,1,1,3,26
1920,1080,20008,12,12,12,5,1,1,0,26
1920,1080,20009,12,12,11,5,1,1,1,26
1920,1080,20010,12,12,11,2,1,1,1,26
1920,1080,20011,12,12,11,7,1,1,1,26
1920,1080,20012,12,12,11,5,1,1,1,26
1920,1080,20013,12,14,12,5,1,1,2,26
1920,1080,20014,12,12,12,4,1,1,0,26
1920,1080,20015,12,12,12,2,1,0,0,26
1920,1080,20016,12,12,12,9,1,1,0,26
1920,1080,20017,12,12,12,5,1,1,0,26
1920,1080,20018,12,12,10,4,0,0,2,26
1920,1080,20019,12,12,12,5,1,1,0,26
3840,2160,20000,12,12,12,4,1,0,0,26
3840,2160,20001,12,12,11,5,1,0,1,26
3840,2160,20002,12,13,12,5,1,1,1,26
3840,2160,20003,12,12,11,2,1,0,1,26
3840,2160,20004,12,12,12,4,1,0,0,26
3840,2160,20005,12,12,12,7,1,1,0,26
3840,2160,20006,12,13,11,3,1,1,2,26
3840,2160,20007,12,12,10,3,1,0,2,26
3840,2160,20008,12,12,11,5,0,0,1,26
3840,2160,20009,12,12,12,5,1,1,0,26
3840,2160,20010,12,12,11,5,1,1,1,26
3840,2160,20011,12,12,12,5,1,1,0,26
3840,2160,20012,12,12,10,2,1,1,2,26
3840,2160,20013,12,12,12,5,1,0,0,26
3840,2160,20014,12,13,10,1,1,0,3,26
3840,2160,20015,12,12,10,4,1,0,2,26
3840,2160,20016,12,12,12,2,1,0,0,26
3840,2160,20017,12,12,11,5,1,1,1,26
3840,2160,20018,12,12,11,3,1,0,1,26
3840,2160,20019,12,13,10,3,1,1,3,26
7680,4320,20000,12,12,12,9,1,1,0,26
7680,4320,20001,12,12,11,9,1,1,1,26
7680,4320,20002,12,12,12,9,1,1,0,26
7680,4320,20003,12,12,12,7,1,1,0,26
7680,4320,20004,12,12,12,7,1,0,0,26
7680,4320,20005,12,12,12,8,1,1,0,26
7680,4320,20006,12,12,11,9,1,1,1,26
7680,4320,20007,12,12,12,7,1,1,0,26
7680,4320,20008,12,12,12,8,1,1,0,26
7680,4320,20009,12,12,12,5,1,1,0,26
7680,4320,20010,12,12,12,8,1,0,0,26
7680,4320,20011,12,12,12,8,1,0,0,26
7680,4320,20012,12,12,12,8,1,0,0,26
7680,4320,20013,12,12,12,10,1,1,0,26
7680,4320,20014,12,12,11,9,1,1,1,26
7680,4320,20015,12,12,12,8,1,0,0,26
7680,4320,20016,12,12,12,9,1,1,0,26
7680,4320,20017,12,12,12,10,1,0,0,26
7680,4320,20018,12,12,12,11,1,1,0,26
7680,4320,20019,12,12,12,8,1,0,0,26
15360,8640,20000,12,12,12,9,1,1,0,26
15360,8640,20001,12,12,12,9,1,0,0,26
15360,8640,20002,12,12,12,7,1,1,0,26
15360,8640,20003,12,12,12,10,1,1,0,26
15360,8640,20004,12,12,12,10,1,1,0,26
15360,8640,20005,12,12,12,7,1,1,0,26
15360,8640,20006,12,12,12,12,1,1,0,26
15360,8640,20007,12,12,12,10,1,1,0,26
15360,8640,20008,12,12,12,10,1,0,0,26
15360,8640,20009,12,12,11,8,1,0,1,26
15360,8640,20010,12,12,12,10,1,1,0,26
15360,8640,20011,12,12,12,9,1,0,0,26
15360,8640,20012,12,12,12,10,1,0,0,26
15360,8640,20013,12,12,11,10,1,1,1,26
15360,8640,20014,12,12,12,10,1,1,0,26
15360,8640,20015,12,12,12,10,1,0,0,26
15360,8640,20016,12,13,12,12,1,1,1,26
15360,8640,20017,12,12,12,11,1,1,0,26
15360,8640,20018,12,12,12,9,1,1,0,26
15360,8640,20019,12,12,12,11,1,1,0,26
