seed,resolution,target_hit,reason,steps,candidate_count,sensing_flops,semantic_flops,seconds,checkpoint_sha256,fit_sha256
20050,1920x1080,1,threshold,13,12,12245736,810863840,1.8677079999997659,3d80b18c01e0cb25fb3cc01dea891a5a5f1dcb35bbd8676102e490718bf8eda9,0fd620c48ce418b549a11d760eb83f2adc77b5923c410df734b53e7ff9c56281
20051,1920x1080,1,threshold,8,12,9926376,463384160,0.2312142999999196,3d80b18c01e0cb25fb3cc01dea891a5a5f1dcb35bbd8676102e490718bf8eda9,0fd620c48ce418b549a11d760eb83f2adc77b5923c410df734b53e7ff9c56281
20052,1920x1080,1,threshold,11,12,11317992,637153760,0.34512940000058734,3d80b18c01e0cb25fb3cc01dea891a5a5f1dcb35bbd8676102e490718bf8eda9,0fd620c48ce418b549a11d760eb83f2adc77b5923c410df734b53e7ff9c56281
20053,1920x1080,1,threshold,5,12,8534760,289614560,0.17752610000025015,3d80b18c01e0cb25fb3cc01dea891a5a5f1dcb35bbd8676102e490718bf8eda9,0fd620c48ce418b549a11d760eb83f2adc77b5923c410df734b53e7ff9c56281
20054,1920x1080,1,threshold,4,12,8070888,289555040,0.11808330000167189,3d80b18c01e0cb25fb3cc01dea891a5a5f1dcb35bbd8676102e490718bf8eda9,0fd620c48ce418b549a11d760eb83f2adc77b5923c410df734b53e7ff9c56281
20055,1920x1080,1,threshold,5,12,8534760,289614560,0.1443719000017154,3d80b18c01e0cb25fb3cc01dea891a5a5f1dcb35bbd8676102e490718bf8eda9,0fd620c48ce418b549a11d760eb83f2adc77b5923c410df734b53e7ff9c56281
20056,1920x1080,1,threshold,6,12,8998632,347537760,0.17205420000027516,3d80b18c01e0cb25fb3cc01dea891a5a5f1dcb35bbd8676102e490718bf8eda9,0fd620c48ce418b549a11d760eb83f2adc77b5923c410df734b53e7ff9c56281
20057,1920x1080,1,threshold,7,12,9462504,463324640,0.19823129999895173,3d80b18c01e0cb25fb3cc01dea891a5a5f1dcb35bbd8676102e490718bf8eda9,0fd620c48ce418b549a11d760eb83f2adc77b5923c410df734b53e7ff9c56281
20058,1920x1080,1,threshold,11,12,11317992,637153760,0.7380647999998473,3d80b18c01e0cb25fb3cc01dea891a5a5f1dcb35bbd8676102e490718bf8eda9,0fd620c48ce418b549a11d760eb83f2adc77b5923c410df734b53e7ff9c56281
20059,1920x1080,1,threshold,10,12,10854120,521366880,0.30256849999932456,3d80b18c01e0cb25fb3cc01dea891a5a5f1dcb35bbd8676102e490718bf8eda9,0fd620c48ce418b549a11d760eb83f2adc77b5923c410df734b53e7ff9c56281
