width,seed,steps,reason,hit,answered_card_is_target,candidate_offset_px,max_posterior,first_glimpse_visible,grid,explore_glimpses,verify_glimpses,step_all_candidates,method
24576,30000,25,search_exhausted,0,0,15.620252116778122,0.09090909090909091,0,5,25,0,,saccadenet_lite
24576,30001,25,search_exhausted,0,0,7.595217841554575,0.09090909090909091,2,5,25,0,,saccadenet_lite
24576,30002,25,search_exhausted,0,0,21.979189871976153,0.1,1,5,25,0,,saccadenet_lite
24576,30003,25,search_exhausted,0,0,4.578674595883909,0.09090909090909091,1,5,25,0,,saccadenet_lite
24576,30004,25,search_exhausted,0,0,18.479214151773725,0.11990521732968443,0,5,25,0,,saccadenet_lite
24576,30005,25,search_exhausted,0,0,7.046552714148567,0.1,2,5,25,0,,saccadenet_lite
24576,30006,25,search_exhausted,0,0,5.447913010002159,0.16663780913033432,0,5,25,0,,saccadenet_lite
24576,30007,25,search_exhausted,0,0,15.65912996099253,0.09090909090909091,0,5,25,0,,saccadenet_lite
24576,30008,25,search_exhausted,0,0,16.910099430389714,0.1111111111111111,0,5,25,0,,saccadenet_lite
24576,30009,25,search_exhausted,0,0,8.336703521797544,0.1,0,5,25,0,,saccadenet_lite
24576,30010,25,search_exhausted,0,0,10.292119133355772,0.1,1,5,25,0,,saccadenet_lite
24576,30011,25,search_exhausted,0,0,4.474135348363806,0.1111111111111111,1,5,25,0,,saccadenet_lite
24576,30012,25,search_exhausted,0,0,7.251165888205927,0.1,1,5,25,0,,saccadenet_lite
24576,30013,25,search_exhausted,0,0,6.94227628133818,0.09090909090909091,1,5,25,0,,saccadenet_lite
24576,30014,29,threshold,1,1,12.183871928584233,0.9976255033029147,1,5,25,4,25,saccadenet_lite
24576,30015,25,search_exhausted,0,0,22.044280507145107,0.09090909090909091,0,5,25,0,,saccadenet_lite
24576,30016,25,search_exhausted,0,0,21.14540476309903,0.09090909090909091,1,5,25,0,,saccadenet_lite
24576,30017,25,search_exhausted,0,0,18.31840284598411,0.09090909090909091,0,5,25,0,,saccadenet_lite
24576,30018,25,search_exhausted,0,0,0.6931867357696428,0.09090909090909091,2,5,25,0,,saccadenet_lite
24576,30019,24,threshold,1,1,9.408349804881386,0.9997766129262758,0,5,21,3,21,saccadenet_lite
24576,30020,25,search_exhausted,0,0,19.41519312799612,0.1,0,5,25,0,,saccadenet_lite
24576,30021,25,search_exhausted,0,0,19.91870103871337,0.1,1,5,25,0,,saccadenet_lite
24576,30022,32,threshold,1,1,4.133122635020401,0.9909383611011896,2,5,24,8,24,saccadenet_lite
24576,30023,25,search_exhausted,1,1,19.20664457840043,0.09090909090909091,1,5,25,0,,saccadenet_lite
24576,30024,25,search_exhausted,0,0,12.587805658472456,0.09090909090909091,0,5,25,0,,saccadenet_lite
24576,30025,25,search_exhausted,0,0,56.504191558076705,0.125,0,5,25,0,,saccadenet_lite
24576,30026,24,threshold,1,1,10.771523200895357,0.9817724664952591,1,5,23,1,23,saccadenet_lite
24576,30027,25,search_exhausted,0,0,12.327729618902367,0.1,1,5,25,0,,saccadenet_lite
24576,30028,25,search_exhausted,0,0,29.203199395686582,0.1,0,5,25,0,,saccadenet_lite
24576,30029,25,search_exhausted,0,0,8.347353910577047,0.1111111111111111,2,5,25,0,,saccadenet_lite
24576,30030,25,search_exhausted,0,0,13.67645975024417,0.1,2,5,25,0,,saccadenet_lite
24576,30031,25,search_exhausted,0,0,8.630314074466876,0.09090909090909091,1,5,25,0,,saccadenet_lite
24576,30032,25,search_exhausted,0,0,12.84091104099262,0.1,2,5,25,0,,saccadenet_lite
24576,30033,25,search_exhausted,0,0,0.5678566088678226,0.09090909090909091,1,5,25,0,,saccadenet_lite
24576,30034,25,search_exhausted,0,0,19.17072807284116,0.0953045773055372,0,5,25,0,,saccadenet_lite
24576,30035,34,threshold,1,1,25.138570191188876,0.9992246318658308,1,5,25,9,25,saccadenet_lite
24576,30036,25,search_exhausted,0,0,12.404943325308414,0.1,0,5,25,0,,saccadenet_lite
24576,30037,25,search_exhausted,0,0,48.94190119297382,0.1,1,5,25,0,,saccadenet_lite
24576,30038,25,search_exhausted,0,0,3.0905849180332097,0.09090909090909091,2,5,25,0,,saccadenet_lite
24576,30039,25,search_exhausted,0,0,18.843764777992234,0.1111111111111111,0,5,25,0,,saccadenet_lite
24576,30040,25,search_exhausted,0,0,8.435030201313467,0.1,1,5,25,0,,saccadenet_lite
24576,30041,25,search_exhausted,0,0,71.63141866287494,0.09090909090909091,0,5,25,0,,saccadenet_lite
24576,30042,25,search_exhausted,0,0,11.769584161871812,0.09090909090909091,0,5,25,0,,saccadenet_lite
24576,30043,25,search_exhausted,0,0,53.963960003183225,0.1,1,5,25,0,,saccadenet_lite
24576,30044,25,search_exhausted,0,0,14.125609258154585,0.09090909090909091,0,5,25,0,,saccadenet_lite
24576,30045,25,search_exhausted,0,0,7.868977559914626,0.125,1,5,25,0,,saccadenet_lite
24576,30046,25,search_exhausted,0,0,18.50067900365258,0.2,0,5,25,0,,saccadenet_lite
24576,30047,25,search_exhausted,0,0,29.29223487017114,0.125,0,5,25,0,,saccadenet_lite
24576,30048,25,search_exhausted,0,0,23.284512489659377,0.1,5,5,25,0,,saccadenet_lite
24576,30049,25,search_exhausted,0,0,27.687751514851026,0.1,1,5,25,0,,saccadenet_lite
