width,seed,steps,reason,hit,answered_card_is_target,candidate_offset_px,max_posterior,first_glimpse_visible
1920,30000,10,threshold,1,1,3.0111806216905683,0.9999999488509383,12
1920,30001,3,threshold,1,1,12.022663678686595,0.9925433178914456,12
1920,30002,2,threshold,0,0,35.633285114979934,0.9708453944243337,12
1920,30003,11,threshold,1,1,10.126319793299547,0.9999966690900438,12
1920,30004,7,threshold,1,1,13.200514967454772,0.9995607780825276,12
1920,30005,7,threshold,1,1,16.319693905042257,0.9999088440893312,12
1920,30006,5,threshold,1,1,15.314511372177082,0.9920766015962754,12
1920,30007,12,threshold,1,1,17.78915253035532,0.9998389943508257,12
1920,30008,4,threshold,1,1,9.521599149977137,0.9999878984874975,12
1920,30009,6,threshold,1,1,6.461151326440533,0.953771499414053,12
1920,30010,12,threshold,1,1,6.884249199237078,0.9999987555997818,12
1920,30011,8,threshold,1,1,11.347691437043347,0.9994099108542911,12
1920,30012,4,threshold,1,1,15.491278317529032,0.9998511487821864,12
1920,30013,5,threshold,1,1,19.551017036275162,0.9987939733151746,12
1920,30014,8,threshold,1,1,16.444294304968974,0.9997714196535562,12
1920,30015,2,threshold,1,1,11.311534619443286,0.9993057627903358,12
1920,30016,5,threshold,1,1,10.72899391312327,0.987236449384804,12
1920,30017,11,threshold,1,1,5.708215731258922,0.9997316902783191,12
1920,30018,5,threshold,1,1,11.597030984572404,0.988303851241215,12
1920,30019,10,threshold,1,1,1.957669634811416,0.9989209441791144,12
1920,30020,7,threshold,1,1,5.22423716634632,0.999998849039065,12
1920,30021,9,threshold,1,1,8.956395991762797,0.9994388965200489,12
1920,30022,11,threshold,1,1,19.185859336886832,0.9995733093664899,12
1920,30023,8,threshold,1,1,18.03618353318623,0.9988554470415947,12
1920,30024,10,threshold,1,1,21.81273721377722,0.9999532843139172,12
1920,30025,8,threshold,1,1,16.938273556359775,0.9999851897991062,12
1920,30026,9,threshold,1,1,19.041691790227922,0.9828109182586485,12
1920,30027,3,threshold,1,1,20.433952817923824,0.9981584747816644,12
1920,30028,12,threshold,1,1,6.421531790686058,0.9855940849436757,12
1920,30029,2,threshold,1,1,7.547435435133971,0.994289168306609,12
1920,30030,8,threshold,1,1,3.6139141570563567,0.9989896772408652,12
1920,30031,11,threshold,1,1,21.001151800988108,0.9995894808673615,12
1920,30032,4,threshold,1,1,30.288750360450422,0.9751808252436732,12
1920,30033,2,threshold,1,1,9.136788618710286,0.9995169389688782,12
1920,30034,2,threshold,1,1,3.3677439773260254,0.999528070298679,12
1920,30035,5,threshold,1,1,16.888982401491965,0.9999994862322816,12
1920,30036,3,threshold,1,1,10.790491486227461,0.9999358833083903,12
1920,30037,11,threshold,1,1,21.55744206103904,0.9997894283390916,12
1920,30038,12,threshold,1,1,7.28482383438659,0.999156067322456,12
1920,30039,12,threshold,1,1,6.315965170051172,0.9940484889127794,12
1920,30040,2,threshold,1,1,4.0748676896837726,0.9999567235306355,12
1920,30041,5,threshold,1,1,12.94298596758216,0.987871400709001,12
1920,30042,2,threshold,1,1,24.029848436216014,0.9935594727626671,12
1920,30043,12,threshold,1,1,9.097219256274228,0.99984091631245,12
1920,30044,4,threshold,1,1,16.994660746284378,0.9999923623732425,12
1920,30045,12,threshold,1,1,19.60873322865485,0.9999950660291509,12
1920,30046,3,threshold,1,1,19.48407474389215,0.9962627557851779,12
1920,30047,6,threshold,1,1,10.219959436512053,0.9982772175308995,12
1920,30048,9,threshold,1,1,12.809003452023006,0.9998918207688656,12
1920,30049,12,threshold,1,1,6.92096175616829,0.9993589979249619,12
1920,30050,4,threshold,1,1,4.061230762546385,0.9999739516427901,12
1920,30051,9,threshold,1,1,1.4183089381981322,0.9993175954572279,12
1920,30052,10,threshold,1,1,16.250714939944714,0.9930995626570193,12
1920,30053,37,search_exhausted,1,1,34.56132318898003,0.8485875767763081,12
1920,30054,2,threshold,1,1,15.13981616214879,0.9997467332621868,12
1920,30055,9,threshold,1,1,12.20310590557053,0.9998550319425745,12
1920,30056,11,threshold,1,1,12.460626848867873,0.9996305408060883,12
1920,30057,4,threshold,1,1,11.706680110717983,0.9999211484624869,12
1920,30058,4,threshold,1,1,14.082058404549665,0.9996491182997729,12
1920,30059,11,threshold,1,1,5.145465475067768,0.9952898395814339,12
1920,30060,5,threshold,1,1,4.534776241561049,0.9999992987141066,12
1920,30061,6,threshold,0,0,17.647079336861733,0.9905112564884984,12
1920,30062,5,threshold,1,1,7.684040748989292,0.9980115600079482,12
1920,30063,7,threshold,1,1,23.443622827641054,0.9998398762762649,12
1920,30064,2,threshold,1,1,13.123720243950277,0.9999764176840551,12
1920,30065,12,threshold,1,1,26.060488670403352,0.9974550149234594,12
1920,30066,9,threshold,1,1,10.420447623906568,0.9999086811566957,12
1920,30067,11,threshold,1,1,19.675799073499686,0.9972811063569861,12
1920,30068,13,threshold,1,1,4.068495130569245,0.9998566868870706,12
1920,30069,10,threshold,1,1,8.63494722434914,0.986210319463338,12
1920,30070,3,threshold,1,1,2.3498762689063803,0.9996827201481867,12
1920,30071,8,threshold,1,1,14.276572025951618,0.9783857066155646,12
1920,30072,4,threshold,1,1,13.34381993469928,0.9998878422797478,12
1920,30073,1,threshold,1,1,12.45791524227874,0.9817580652009296,12
1920,30074,13,threshold,1,1,13.827108491485168,0.9503287455999744,12
1920,30075,2,threshold,1,1,15.000744373566105,0.999773081172927,12
1920,30076,7,threshold,1,1,23.33920660693829,0.998244908286958,12
1920,30077,12,threshold,1,1,7.481175336367096,0.9995425012527357,12
1920,30078,3,threshold,1,1,5.808123809493661,0.9903750043729866,12
1920,30079,10,threshold,1,1,7.782707779884801,0.9998306106002668,12
1920,30080,7,threshold,1,1,5.382243034914037,0.9994450302982828,12
1920,30081,12,threshold,1,1,15.054502329766585,0.9995253061708647,12
1920,30082,3,threshold,1,1,10.102566676015755,0.997855326377846,12
1920,30083,6,threshold,1,1,4.53229809639487,0.997832672785223,12
1920,30084,10,threshold,1,1,19.353077080770554,0.9990544414156679,12
1920,30085,9,threshold,1,1,8.392651899035332,0.9997501476206448,12
1920,30086,12,threshold,1,1,16.75120669173774,0.9721722686422747,12
1920,30087,12,threshold,1,1,2.8922693533691817,0.999715016146975,12
1920,30088,8,threshold,1,1,4.750550304919338,0.9999204464234948,12
1920,30089,13,threshold,1,1,16.248952021408165,0.9895328941439042,12
1920,30090,5,threshold,1,1,4.8087052705173186,0.999353025260094,12
1920,30091,10,threshold,1,1,22.10506010687011,0.9957457568560505,12
1920,30092,6,threshold,1,1,17.425780201932973,0.9988518962312983,12
1920,30093,6,threshold,1,1,13.922427674609,0.9998016707407136,12
1920,30094,12,threshold,1,1,21.167385391034543,0.9943848331018061,12
1920,30095,5,threshold,1,1,11.350445028560186,0.9999609605677104,12
1920,30096,2,threshold,1,1,21.32694783579303,0.9959189411711435,12
1920,30097,5,threshold,1,1,16.983364477715188,0.9999200750331075,12
1920,30098,2,threshold,1,1,23.048414287699632,0.9947246770759576,12
1920,30099,3,threshold,1,1,2.654480886577378,0.9922266644510854,12
3840,30000,13,threshold,1,1,2.754702193832241,0.9999999631322216,12
3840,30001,10,threshold,1,1,12.524645990469304,0.9935929692868253,12
3840,30002,4,threshold,1,1,5.843787007816241,0.9998799885145206,12
3840,30003,11,threshold,1,1,29.66777515933663,0.991750398163369,12
3840,30004,12,threshold,1,1,10.322256877731075,0.9994218238748963,12
3840,30005,5,threshold,1,1,18.432055470663634,0.9997195888037794,12
3840,30006,6,threshold,1,1,11.83091430119971,0.9879440153678007,12
3840,30007,12,threshold,1,1,19.878991707641642,0.9975972700125318,12
3840,30008,11,threshold,1,1,7.821261656727821,0.999942242739521,12
3840,30009,7,threshold,1,1,6.431464951427666,0.9558340733204795,12
3840,30010,11,threshold,1,1,6.849659518881473,0.9999994557693885,12
3840,30011,7,threshold,1,1,9.509722320240813,0.9982704812750274,12
3840,30012,10,threshold,1,1,19.183893585553292,0.9997250895657456,12
3840,30013,8,threshold,1,1,10.93484905083579,0.9997270067176457,12
3840,30014,4,threshold,1,1,21.730463678462467,0.9995556557760215,12
3840,30015,6,threshold,1,1,10.53154380049289,0.999947288414981,12
3840,30016,11,threshold,1,1,27.361346846720803,0.9988625959241029,12
3840,30017,7,threshold,1,1,15.699816176113425,0.9999949970186226,12
3840,30018,5,threshold,1,1,11.840635445390989,0.9881714621550711,12
3840,30019,9,threshold,1,1,2.0787680979601943,0.9989499905201696,12
3840,30020,12,threshold,1,1,5.265810379374412,0.9999995401705676,12
3840,30021,12,threshold,0,0,49.129853812678704,0.9969905812108153,12
3840,30022,8,threshold,1,1,25.396850452658253,0.999136659048272,12
3840,30023,7,threshold,1,1,17.948741787093283,0.9978822729830019,12
3840,30024,37,search_exhausted,1,1,37.209461188604315,0.8749496624021249,12
3840,30025,2,threshold,1,1,11.187956010832515,0.9999960328702094,12
3840,30026,11,threshold,1,1,11.563070151546052,0.9543324616284113,12
3840,30027,6,threshold,1,1,9.502715191975124,0.9983198793193949,12
3840,30028,12,threshold,1,1,6.4442108728210545,0.9912973144168992,12
3840,30029,8,threshold,1,1,7.638420273008096,0.9969662367694769,12
3840,30030,3,threshold,1,1,3.6700331495509317,0.9987706212771376,12
3840,30031,6,threshold,0,0,43.784637570045014,0.9924569673225118,12
3840,30032,2,threshold,1,1,18.818103682785523,0.9994088304994462,12
3840,30033,12,threshold,1,1,4.028187369143837,0.9999329069248617,12
3840,30034,5,threshold,1,1,3.1943283353022744,0.9997384413222667,12
3840,30035,6,threshold,1,1,16.210648292771605,0.9999990008434745,12
3840,30036,39,search_exhausted,1,1,39.15704654977019,0.9287498882169007,12
3840,30037,12,threshold,1,1,9.123708014653669,0.981303688854166,12
3840,30038,5,threshold,1,1,7.34206646116253,0.9998036273231017,12
3840,30039,13,threshold,1,1,6.327643156879271,0.993768684191821,12
3840,30040,9,threshold,1,1,4.215389566594444,0.9999835171625222,12
3840,30041,3,threshold,1,1,8.571629540947164,0.9915258304091774,12
3840,30042,2,threshold,1,1,13.370166572274016,0.9994718035707797,12
3840,30043,10,threshold,1,1,20.770456737216787,0.9965519433145694,12
3840,30044,12,threshold,1,1,19.56809238940144,0.9999534895427222,12
3840,30045,7,threshold,0,0,32.70472401099332,0.9890543103825593,12
3840,30046,4,threshold,1,1,7.443871967571738,0.9990405248882245,12
3840,30047,5,threshold,1,1,18.398648026557893,0.9998871097432089,12
3840,30048,10,threshold,1,1,15.198198566398789,0.999942745435619,12
3840,30049,9,threshold,1,1,6.641234749213098,0.9536896819930964,12
3840,30050,3,threshold,1,1,4.157660709768777,0.9999919128374041,12
3840,30051,7,threshold,1,1,9.586834681744635,0.9933078096000076,12
3840,30052,10,threshold,1,1,7.113948936686976,0.9987311124277607,12
3840,30053,10,threshold,1,1,17.712626394139946,0.9999448381664194,12
3840,30054,12,threshold,1,1,18.60673618668708,0.9999974268550172,12
3840,30055,12,threshold,1,1,26.445364885272994,0.9976995697379416,12
3840,30056,5,threshold,1,1,14.281900225536138,0.9979542223514537,12
3840,30057,2,threshold,1,1,20.913320486589058,0.9999996507183208,12
3840,30058,12,threshold,1,1,14.216228727380265,0.9999577230128275,12
3840,30059,7,threshold,1,1,5.193588523676083,0.9940770744614956,12
3840,30060,4,threshold,1,1,4.48450059798758,0.9999991308991666,12
3840,30061,4,threshold,1,1,18.489711728620485,0.9989832162313714,12
3840,30062,2,threshold,1,1,7.593470266820702,0.9985401388716659,12
3840,30063,3,threshold,1,1,16.143530287141765,0.9991011186361,12
3840,30064,6,threshold,1,1,8.440095491717098,0.9999404419179727,12
3840,30065,3,threshold,1,1,17.9188097977659,0.9998434837270834,12
3840,30066,13,threshold,1,1,10.298102828713416,0.9999994952998346,12
3840,30067,8,threshold,1,1,17.035988350864805,0.9603032010870941,12
3840,30068,2,threshold,1,1,4.054404314025635,0.9999098095023083,12
3840,30069,2,threshold,1,1,8.51896417768086,0.9567478127968541,12
3840,30070,8,threshold,1,1,2.94366321881259,0.9960473236429306,12
3840,30071,12,threshold,1,1,9.960966708813366,0.9993418547681442,12
3840,30072,10,threshold,1,1,21.10701402674321,0.9503341450171824,12
3840,30073,9,threshold,1,1,17.591627668835656,0.9934713221740936,12
3840,30074,38,search_exhausted,1,1,13.257265829032063,0.9278344662643444,12
3840,30075,5,threshold,1,1,12.821390859764605,0.9999403997175599,12
3840,30076,11,threshold,1,1,8.458148020021888,0.9996321679094247,12
3840,30077,9,threshold,0,0,30.035709354053328,0.9582154521826153,12
3840,30078,11,threshold,1,1,5.717223930904389,0.9863327478139845,12
3840,30079,10,threshold,1,1,7.81579541107959,0.9997774137958315,12
3840,30080,9,threshold,1,1,5.143739184176816,0.9997957089968109,12
3840,30081,7,threshold,1,1,10.581669012925458,0.9964308402585329,12
3840,30082,12,threshold,1,1,12.69169091228752,0.9997172814486938,12
3840,30083,5,threshold,1,1,14.939295049043922,0.9852434303824231,12
3840,30084,10,threshold,1,1,19.60329126997435,0.9994653324539771,12
3840,30085,10,threshold,1,1,23.342506181693825,0.9606056265240247,12
3840,30086,12,threshold,1,1,16.039977503592905,0.9677509204746113,12
3840,30087,6,threshold,1,1,26.072728212847846,0.9998095704038801,12
3840,30088,2,threshold,1,1,4.929325837259127,0.9998496262519418,12
3840,30089,13,threshold,1,1,12.230852187404757,0.9915903629440038,12
3840,30090,13,threshold,1,1,4.758324024426951,0.9999290535171745,12
3840,30091,37,search_exhausted,1,1,36.068476432124434,0.6462086435575447,12
3840,30092,3,threshold,1,1,2.03505096697623,0.9990798765688075,12
3840,30093,8,threshold,1,1,9.24746469807483,0.9905897596452623,12
3840,30094,38,search_exhausted,1,1,20.799110573558607,0.9004893400300462,12
3840,30095,2,threshold,1,1,22.363345732449837,0.9887931047466635,12
3840,30096,38,search_exhausted,1,1,41.71832108250998,0.5010397556854083,12
3840,30097,6,threshold,1,1,14.110998621934456,0.9999146259610483,12
3840,30098,9,threshold,1,1,11.367702480922967,0.9963726997124733,12
3840,30099,10,threshold,1,1,23.42793448802926,0.9987092470756311,12
7680,30000,29,threshold,1,1,2.989283479380081,0.9999999281290456,4
7680,30001,23,threshold,1,1,7.010600794606111,0.9912856159238923,7
7680,30002,9,threshold,1,1,5.6646419776916295,0.9998741208787544,6
7680,30003,33,threshold,1,1,40.496786383188876,0.9861011453359044,7
7680,30004,30,threshold,1,1,13.686510857721117,0.9985922149109706,7
7680,30005,22,threshold,1,1,8.52706372852575,0.9998204974484809,7
7680,30006,20,threshold,1,1,10.641844850682023,0.9808032447858454,8
7680,30007,21,threshold,1,1,16.11957648932757,0.9993032610267935,6
7680,30008,23,threshold,1,1,9.298198675688296,0.9999898564699837,7
7680,30009,26,threshold,1,1,6.376216906118629,0.9843495835523052,6
7680,30010,10,threshold,1,1,6.965264410929772,0.9999988264773856,5
7680,30011,31,threshold,1,1,21.276919919430163,0.9996778144945507,7
7680,30012,25,threshold,1,1,13.901068950536414,0.9999799304175556,7
7680,30013,25,threshold,1,1,19.682432534713946,0.9999149665417405,4
7680,30014,22,threshold,1,1,23.985800568401135,0.9941496615242408,7
7680,30015,19,threshold,1,1,2.4773636229843055,0.997647029341949,3
7680,30016,22,threshold,1,1,22.710380801580005,0.9998532845319621,7
7680,30017,24,threshold,1,1,18.766082173802552,0.999985887342478,7
7680,30018,16,threshold,1,1,11.59050640212603,0.9836675525329668,7
7680,30019,27,threshold,1,1,1.9797584051731578,0.9997715670266015,4
7680,30020,25,threshold,1,1,5.3643371879384185,0.9999994495862116,8
7680,30021,21,threshold,1,1,14.344456519228258,0.9982821962923321,9
7680,30022,24,threshold,1,1,14.201718432128043,0.9993930127649996,6
7680,30023,27,threshold,1,1,5.863035929287644,0.9996476816892023,4
7680,30024,30,threshold,1,1,20.84971228338337,0.9999979240792882,1
7680,30025,22,threshold,1,1,19.49964562259545,0.9998923010281165,6
7680,30026,26,threshold,1,1,18.783903035420106,0.9939257085420361,7
7680,30027,26,threshold,1,1,12.225942263604995,0.9978355230662319,5
7680,30028,16,threshold,1,1,6.661292996098741,0.9849441049957395,6
7680,30029,23,threshold,0,0,4.3273862992897065,0.9573464370397177,7
7680,30030,30,threshold,1,1,3.716454971224016,0.9997808941525713,8
7680,30031,17,threshold,1,1,4.412993794366166,0.9985381093342135,6
7680,30032,28,threshold,1,1,34.48021484636228,0.9854357708261187,6
7680,30033,40,search_exhausted,1,1,37.26784280109735,0.7867814902585374,3
7680,30034,19,threshold,1,1,3.1777834921269434,0.9997409722714099,3
7680,30035,27,threshold,1,1,17.70045504922472,0.9999999856587598,7
7680,30036,21,threshold,1,1,21.571372564350057,0.9992976069687252,6
7680,30037,22,threshold,1,1,26.647919323453515,0.99839404526836,10
7680,30038,25,threshold,1,1,7.299960782297262,0.9996585656509965,7
7680,30039,24,threshold,1,1,6.345285854133591,0.9772223042186073,7
7680,30040,17,threshold,1,1,4.106137456089744,0.9999963879839502,7
7680,30041,30,threshold,1,1,30.189834202573994,0.9968479693616115,5
7680,30042,24,threshold,1,1,15.468005281140961,0.9998616956491032,7
7680,30043,16,threshold,1,1,26.267807463434558,0.9805742829883711,7
7680,30044,18,threshold,1,1,17.949153295184217,0.9999960745917028,5
7680,30045,23,threshold,1,1,18.04819237190853,0.9999062554073828,8
7680,30046,35,threshold,1,1,34.89851856828197,0.999981980971863,6
7680,30047,21,threshold,1,1,12.581016587373036,0.9999660321868632,4
7680,30048,16,threshold,1,1,9.633822921755488,0.9998450317202147,9
7680,30049,21,threshold,1,1,6.830782837411414,0.9501116914342537,6
7680,30050,30,threshold,1,1,4.133676019333684,0.9999943976784349,7
7680,30051,24,threshold,1,1,25.32643333241712,0.999304400037501,9
7680,30052,26,threshold,1,1,10.16151710238325,0.98453886573571,7
7680,30053,29,threshold,1,1,28.28290009220986,0.9992763984517411,7
7680,30054,24,threshold,1,1,8.762896308721995,0.9999479483963628,5
7680,30055,23,threshold,1,1,41.94875824662202,0.954504413955447,6
7680,30056,23,threshold,1,1,14.545074912333346,0.9965456357869497,8
7680,30057,22,threshold,1,1,21.12770963167932,0.9975324418828446,4
7680,30058,11,threshold,1,1,14.140879796637613,0.9999370627324734,11
7680,30059,20,threshold,1,1,5.173280481270168,0.9972038322296736,7
7680,30060,18,threshold,1,1,4.63079632698703,0.9999977526094029,6
7680,30061,37,search_exhausted,0,0,15.671904501037162,0.8768988374577585,6
7680,30062,27,threshold,1,1,7.641486668736096,0.9999563202572519,7
7680,30063,19,threshold,1,1,1.6597684822880219,0.9994063634655725,6
7680,30064,28,threshold,1,1,9.642881427151849,0.9999981051800401,9
7680,30065,22,threshold,1,1,25.300416801232476,0.999780032655901,7
7680,30066,11,threshold,1,1,10.30311258134291,0.9999290711411086,7
7680,30067,37,search_exhausted,1,1,17.102973422472886,0.9255564624434165,4
7680,30068,12,threshold,1,1,3.8220475857411955,0.9994752379808449,8
7680,30069,26,threshold,1,1,8.400542331249131,0.999359507826933,6
7680,30070,18,threshold,1,1,2.2434207416234737,0.9997975873185146,9
7680,30071,34,threshold,1,1,35.732611375975715,0.9715871267412736,6
7680,30072,24,threshold,1,1,4.403406518381368,0.997497791773593,6
7680,30073,26,threshold,1,1,8.26986613812772,0.9999886602236294,10
7680,30074,27,threshold,1,1,18.689899571844006,0.9873979505996958,7
7680,30075,25,threshold,1,1,23.726357262407667,0.994485618043393,3
7680,30076,20,threshold,1,1,6.73080987410795,0.9990856755024983,4
7680,30077,13,threshold,1,1,16.14194637598509,0.9992465944042173,5
7680,30078,17,threshold,1,1,5.850878603676748,0.9907911914752763,5
7680,30079,16,threshold,1,1,7.944769707235377,0.9921042594368805,6
7680,30080,11,threshold,1,1,5.368695685239972,0.999647724734354,8
7680,30081,18,threshold,1,1,18.20257612310021,0.9998590678452136,7
7680,30082,40,search_exhausted,1,1,8.219784064420715,0.8690305239037379,6
7680,30083,19,threshold,1,1,23.86538633765947,0.9569632792221363,8
7680,30084,28,threshold,1,1,20.549370013264976,0.9980221981889449,4
7680,30085,19,threshold,1,1,7.658267654823093,0.9994927492018074,7
7680,30086,16,threshold,1,1,14.710664063921453,0.9502356056732153,6
7680,30087,17,threshold,1,1,18.2184912382422,0.9979713067808123,4
7680,30088,18,threshold,1,1,6.3795284661570495,0.9999705548596121,6
7680,30089,26,threshold,1,1,22.68946365538526,0.9899980409456592,7
7680,30090,32,threshold,0,0,33.93504432632314,0.9677150509862381,6
7680,30091,27,threshold,1,1,7.724771921699623,0.9990397328938254,7
7680,30092,19,threshold,1,1,22.492811958838164,0.9815660002865103,4
7680,30093,24,threshold,1,1,6.767528637552427,0.999205070740833,8
7680,30094,12,threshold,1,1,11.240832380181464,0.9562142757481986,7
7680,30095,38,search_exhausted,0,0,31.635228945639614,0.6164887373945599,7
7680,30096,20,threshold,1,1,22.789645820821786,0.9961607089276444,5
7680,30097,21,threshold,1,1,18.432623080138416,0.9999173745754649,3
7680,30098,29,threshold,1,1,15.168810133121964,0.9999900855096616,10
7680,30099,9,threshold,1,1,16.813869905969632,0.9917346293104506,4
15360,30000,30,threshold,1,1,2.904595361276995,0.9999997356836033,0
15360,30001,36,threshold,1,1,35.911628872141634,0.9984988283808933,2
15360,30002,28,threshold,1,1,5.812249727570826,0.9999847544691746,1
15360,30003,33,threshold,1,1,16.19435189468465,0.9999959459607093,1
15360,30004,32,threshold,1,1,4.299558323566349,0.9990420763134832,0
15360,30005,27,threshold,1,1,16.28307763693733,0.9998276634154634,3
15360,30006,28,threshold,1,1,22.69753514763289,0.962876612056687,1
15360,30007,38,search_exhausted,1,1,33.354464680725975,0.8298644358920152,1
15360,30008,27,threshold,1,1,8.066860954650206,0.9997826045683467,0
15360,30009,31,threshold,1,1,6.3860973355850765,0.9531624511228329,1
15360,30010,32,threshold,1,1,6.940314835198604,0.9999996810205614,2
15360,30011,34,threshold,1,1,1.6218812835252956,0.999651370800126,2
15360,30012,28,threshold,1,1,17.497170909976756,0.999578784712136,3
15360,30013,33,threshold,1,1,36.47845619048777,0.9558362769760694,3
15360,30014,30,threshold,1,1,13.194690521287248,0.9981705426423084,3
15360,30015,26,threshold,1,1,15.506970906902959,0.9512236248729214,1
15360,30016,26,threshold,1,1,15.803115608917564,0.9981957147781991,3
15360,30017,26,threshold,1,1,25.182291879309307,0.9996965462155557,0
15360,30018,38,search_exhausted,1,1,11.623712934044852,0.9295595396598787,2
15360,30019,27,threshold,1,1,2.0293000485462205,0.9995063087265414,1
15360,30020,25,threshold,1,1,5.291111798223974,0.9999984536352708,3
15360,30021,32,threshold,1,1,22.94188626752796,0.9935692576317784,3
15360,30022,33,threshold,1,1,7.219807307935892,0.9818599294998303,2
15360,30023,28,threshold,1,1,12.938352841023793,0.9988414653474033,1
15360,30024,25,threshold,1,1,17.90887310145779,0.999995482639454,0
15360,30025,32,threshold,1,1,8.615407043475516,0.9999965805103955,1
15360,30026,35,threshold,1,1,5.146422469012027,0.9984256726648841,1
15360,30027,32,threshold,1,1,14.186859939520632,0.9994634639951138,1
15360,30028,30,threshold,1,1,17.968523284704705,0.9938797395419418,1
15360,30029,32,threshold,1,1,7.607481247149779,0.9736281273971757,3
15360,30030,21,threshold,1,1,3.5866253624075957,0.9995005041001238,4
15360,30031,32,threshold,1,1,8.595776593688445,0.9990143540514522,1
15360,30032,32,threshold,1,1,14.606203430479706,0.9999767840228019,3
15360,30033,32,threshold,1,1,14.779312668391041,0.9997716570746553,0
15360,30034,32,threshold,1,1,3.228851003687711,0.9998858144974302,1
15360,30035,32,threshold,1,1,14.750961307423879,0.9999622220699642,2
15360,30036,23,threshold,1,1,16.1149977208653,0.9999850516681836,0
15360,30037,36,threshold,1,1,4.792111157452097,0.9994174708528912,2
15360,30038,30,threshold,1,1,7.312475964106839,0.9998645147133063,2
15360,30039,36,threshold,1,1,5.712500404007311,0.9693697040580039,2
15360,30040,29,threshold,1,1,4.145979521342257,0.9999784504135555,2
15360,30041,31,threshold,1,1,18.713907355686167,0.9998069164061317,1
15360,30042,26,threshold,1,1,3.3535883161608306,0.9999205286921791,0
15360,30043,21,threshold,1,1,6.707510813611894,0.9855033961413174,1
15360,30044,30,threshold,1,1,7.1665053175022395,0.9999984746058359,1
15360,30045,20,threshold,1,1,18.36668556331636,0.9994006959132815,1
15360,30046,35,threshold,1,1,12.33486097024348,0.9999896939486915,3
15360,30047,31,threshold,1,1,9.45107133547864,0.9997429043020186,1
15360,30048,28,threshold,1,1,13.611525143476328,0.9998820593723251,5
15360,30049,35,threshold,1,1,6.715083014512169,0.9548331325596361,0
15360,30050,23,threshold,1,1,3.887025100785926,0.999967413744172,0
15360,30051,28,threshold,1,1,11.858824670428653,0.9993846291792426,1
15360,30052,31,threshold,1,1,12.329292037515675,0.9999859518063315,4
15360,30053,34,threshold,1,1,5.516999651626332,0.9999973265190577,0
15360,30054,32,threshold,1,1,6.415370731904404,0.9994744647973496,1
15360,30055,25,threshold,1,1,11.080392251168632,0.9993807218500674,3
15360,30056,26,threshold,1,1,2.2119076299108293,0.9999169182896045,2
15360,30057,34,threshold,1,1,9.458057727575365,0.9996803217429565,1
15360,30058,30,threshold,1,1,14.103320786447638,0.9999943509063041,0
15360,30059,31,threshold,1,1,5.06653706497766,0.9966644406939907,2
15360,30060,28,threshold,1,1,8.414865042861662,0.9699731993670506,1
15360,30061,25,threshold,1,1,16.73975052197374,0.9980460160439161,0
15360,30062,32,threshold,1,1,7.751960941083578,0.9990881451106072,2
15360,30063,22,threshold,1,1,9.00757142118885,0.9979016615517672,2
15360,30064,35,threshold,1,1,28.958579685457742,0.954603931661195,2
15360,30065,31,threshold,1,1,10.922419872833698,0.9999978654339372,3
15360,30066,24,threshold,1,1,10.238641538700856,0.9999262508911492,3
15360,30067,33,threshold,1,1,9.879976500491011,0.9994871709991509,2
15360,30068,27,threshold,1,1,4.0496463954973025,0.9999260881529918,2
15360,30069,24,threshold,1,1,8.59266066038397,0.96790690704087,3
15360,30070,30,threshold,1,1,2.3600114673514487,0.9992720843553973,5
15360,30071,32,threshold,1,1,14.02087140794342,0.9548566498620777,4
15360,30072,26,threshold,1,1,17.912122801042162,0.996743382213129,1
15360,30073,27,threshold,1,1,16.923764303541006,0.9999694873442768,0
15360,30074,34,threshold,1,1,6.138020207414925,0.9976006057607867,1
15360,30075,32,threshold,1,1,11.717727339498628,0.9998943353330343,1
15360,30076,26,threshold,1,1,12.587896922868334,0.9992589840922308,0
15360,30077,27,threshold,1,1,11.309026529711181,0.9926245642334756,0
15360,30078,24,threshold,1,1,5.827970697956026,0.9920664028584563,1
15360,30079,26,threshold,1,1,7.829060485488764,0.9997962553663663,0
15360,30080,36,threshold,1,1,5.224388030494837,0.9999890851014919,2
15360,30081,22,threshold,1,1,9.417152704108185,0.995974979222653,0
15360,30082,28,threshold,1,1,1.5893360483676626,0.9995089345488455,0
15360,30083,31,threshold,1,1,10.067028484642725,0.9998921486821747,3
15360,30084,25,threshold,1,1,16.88439000885097,0.9995012858825112,0
15360,30085,27,threshold,1,1,5.25585191371059,0.9986614030958204,2
15360,30086,36,threshold,1,1,17.85691346847923,0.9848646083226206,0
15360,30087,31,threshold,1,1,14.894307162434897,0.9993485228361393,0
15360,30088,31,threshold,1,1,12.688969454408085,0.9998517305455444,1
15360,30089,25,threshold,1,1,25.613206604053126,0.9678067301615193,1
15360,30090,33,threshold,1,1,4.808489229391692,0.9996170957564218,2
15360,30091,28,threshold,1,1,17.71604659959233,0.9984507060503164,1
15360,30092,33,threshold,1,1,13.388573056628244,0.9998982827863621,1
15360,30093,31,threshold,1,1,20.282255926049235,0.9993739752596245,2
15360,30094,27,threshold,1,1,7.503454662455796,0.9595527871074938,2
15360,30095,30,threshold,1,1,13.692243138009752,0.9999269936484695,1
15360,30096,24,threshold,1,1,12.528689470982425,0.9903217570490355,1
15360,30097,30,threshold,1,1,11.13483885564575,0.9999277455834904,0
15360,30098,30,threshold,1,1,5.169663636135776,0.9586662041091976,2
15360,30099,20,threshold,1,1,5.527415848570724,0.9995701260791254,0
