method,width,height,n,completed_n,hits,accuracy,wilson_low,wilson_high,mean_semantic_flops,semantic_low,semantic_high,mean_sensing_flops,mean_sensing_bytes,mean_total_estimated_flops,mean_episode_seconds,estimate_type,unit
saccadenet_lite,1920,1080,100,100,98,0.98,0.929988209271456,0.9944980324498376,433262326.0,381137874.61,487132124.71,9671246.4,8724580.8,442933572.4,0.21349368700008198,measured_analytic_operation_count,FLOPs
full_res_sliding,1920,1080,100,100,96,0.96,0.9016292856411208,0.9843366960084523,20346895872.0,20346895872.0,20346895872.0,0.0,7787520.0,20346895872.0,0.17227398900005939,measured_analytic_operation_count,FLOPs
downsample_1stage,1920,1080,100,100,18,0.18,0.1170022549894635,0.2666735838630073,5004520448.0,5004520448.0,5004520448.0,12441600.0,8128512.0,5016962048.0,0.04705364800021925,measured_analytic_operation_count,FLOPs
two_stage,1920,1080,100,100,99,0.99,0.9455138038212946,0.9982325679358593,994963088.0,954036913.7919999,1035903673.06,12441600.0,8466370.56,1007404688.0,0.06964250500011986,measured_analytic_operation_count,FLOPs
saccadenet_lite,3840,2160,100,100,96,0.96,0.9016292856411208,0.9843366960084523,450224832.46,402104487.163,498970362.85999995,29763140.16,33786467.52,479987972.62,0.259426033999971,measured_analytic_operation_count,FLOPs
full_res_sliding,3840,2160,100,100,96,0.96,0.9016292856411208,0.9843366960084523,77020971520.0,77020971520.0,77020971520.0,0.0,28953600.0,77020971520.0,0.3003219969998827,measured_analytic_operation_count,FLOPs
downsample_1stage,3840,2160,100,100,0,0.0,3.469446951953614e-18,0.03699349820698568,5004520448.0,5004520448.0,5004520448.0,49766400.0,26790912.0,5054286848.0,0.03360690200006502,measured_analytic_operation_count,FLOPs
two_stage,3840,2160,100,100,100,1.0,0.9630065017930143,1.0,1144833596.44,1104483846.947,1184606921.3309999,49766400.0,27200655.36,1194599996.44,0.10825561099987681,measured_analytic_operation_count,FLOPs
saccadenet_lite,7680,4320,100,100,96,0.96,0.9016292856411208,0.9843366960084523,474931919.7,429753491.6485,520733305.0834999,112262068.8,134300433.6,587193988.5,0.40879015000002256,measured_analytic_operation_count,FLOPs
full_res_sliding,7680,4320,100,100,94,0.94,0.8752318455410406,0.9722138760368118,316548935680.0,316548935680.0,316548935680.0,0.0,118944000.0,316548935680.0,1.3051180440000463,measured_analytic_operation_count,FLOPs
downsample_1stage,7680,4320,100,100,0,0.0,3.469446951953614e-18,0.03699349820698568,5004520448.0,5004520448.0,5004520448.0,199065600.0,101440512.0,5203586048.0,0.04148204100010844,measured_analytic_operation_count,FLOPs
two_stage,7680,4320,100,100,100,1.0,0.9630065017930143,1.0,1112553798.0,1070474773.0,1151174273.0,199065600.0,101834772.48,1311619398.0,0.13681032099997537,measured_analytic_operation_count,FLOPs
saccadenet_lite,15360,8640,100,100,100,1.0,0.9630065017930143,1.0,443126277.46,399662189.446,486005646.75175,415665138.24,533032217.28,858791415.7,0.24938719899988426,measured_analytic_operation_count,FLOPs
full_res_sliding,15360,8640,20,20,19,0.95,0.763868806553258,0.9911185511992047,1283284203520.0,1283284203520.0,1283284203520.0,0.0,482092800.0,1283284203520.0,2.577609349999875,measured_analytic_operation_count,FLOPs
downsample_1stage,15360,8640,100,100,0,0.0,3.469446951953614e-18,0.03699349820698568,5004520448.0,5004520448.0,5004520448.0,796262400.0,400038912.0,5800782848.0,0.10953933299993877,measured_analytic_operation_count,FLOPs
two_stage,15360,8640,100,100,100,1.0,0.9630065017930143,1.0,1086614672.96,1045097662.2969999,1126387997.961,796262400.0,400420730.88,1882877072.96,0.05016192600010982,measured_analytic_operation_count,FLOPs
